101.201.36.55,25
101.201.36.55,443
101.201.36.55,8008
103.208.27.165,8008
103.3.62.64,14444
103.3.62.64,16666
103.3.62.64,18888
103.3.62.64,19999
103.3.62.64,6666
103.3.62.64,8888
103.3.62.64,9999
103.47.209.66,7007
103.47.209.66,7017
103.47.209.66,8088
104.236.136.96,3333
104.236.57.24,3333
104.238.236.248,27181
107.191.99.227,3333
107.191.99.227,9999
113.21.199.11,3333
114.55.3.82,3333
114.55.3.82,3334
114.55.79.171,8008
114.55.79.171,8080
116.211.167.195,13333
116.211.167.195,3333
116.211.168.132,25
118.178.149.200,3357
119.23.117.231,1800
119.23.117.231,25
119.254.102.118,443
119.29.47.68,25
119.29.47.68,3333
119.29.47.68,8888
119.81.183.183,3353
119.81.237.168,3353
120.55.226.251,25
120.55.29.131,8008
120.77.130.118,3333
120.77.55.196,25
120.77.55.196,443
120.77.55.196,8899
120.77.57.63,2142
120.77.61.108,25
121.43.77.145,3333
136.243.102.157,45560
136.243.88.145,45560
136.243.94.27,45560
137.74.1.208,7007
137.74.1.208,7017
137.74.1.208,8088
137.74.40.81,3333
138.197.183.116,14444
138.201.124.177,45777
138.201.124.177,51777
138.201.246.186,8008
138.201.246.186,8888
138.201.31.12,3333
138.201.31.12,3334
138.201.31.12,3335
138.201.31.12,3336
138.201.31.12,443
138.201.31.12,80
138.201.31.12,8080
138.201.31.13,3333
138.201.31.13,3334
138.201.31.13,3335
138.201.31.13,3336
138.201.31.13,443
138.201.31.13,80
138.201.31.13,8080
138.201.31.14,3333
138.201.31.14,3334
138.201.31.14,3335
138.201.31.14,3336
138.201.31.14,443
138.201.31.14,80
138.201.31.14,8080
138.201.60.198,45777
138.201.60.198,51777
139.162.113.200,20535
139.162.113.200,20536
139.162.113.200,20537
139.162.113.200,20555
139.162.113.200,20556
139.162.114.79,20535
139.162.114.79,20536
139.162.114.79,20537
139.162.114.79,20555
139.162.114.79,20556
139.162.120.161,20535
139.162.120.161,20536
139.162.120.161,20537
139.162.120.161,20555
139.162.120.161,20556
139.162.131.165,20535
139.162.131.165,20536
139.162.131.165,20537
139.162.131.165,20555
139.224.6.102,8008
139.224.6.22,8008
139.99.8.158,14444
139.99.8.158,4444
139.99.8.222,14444
139.99.8.222,4444
139.99.8.65,13333
139.99.8.65,3333
139.99.8.66,3333
139.99.9.106,14444
139.99.9.106,16666
139.99.9.106,18888
139.99.9.106,19999
139.99.9.106,6666
139.99.9.106,8888
139.99.9.106,9999
139.99.9.146,14444
139.99.9.146,16666
139.99.9.146,18888
139.99.9.146,19999
139.99.9.146,6666
139.99.9.146,8888
139.99.9.146,9999
139.99.9.157,14444
139.99.9.157,4444
139.99.9.173,14444
139.99.9.173,16666
139.99.9.173,18888
139.99.9.173,19999
139.99.9.173,6666
139.99.9.173,8888
139.99.9.173,9999
139.99.9.175,14444
139.99.9.175,4444
142.44.242.100,18888
142.44.242.100,8888
142.44.243.6,18888
142.44.243.6,8888
144.217.101.20,8200
144.217.117.111,8200
144.217.61.241,8200
144.217.93.28,3332
144.217.93.28,3334
144.217.93.28,3335
144.217.93.28,3337
144.217.93.28,3371
147.135.221.69,7007
147.135.221.69,7017
147.135.221.69,8088
149.210.234.234,3333
149.56.26.221,14444
149.56.26.221,4444
149.56.26.222,3333
158.69.196.61,3333
158.69.246.183,14444
158.69.246.183,4444
158.69.247.200,14444
158.69.247.200,4444
159.89.11.225,16666
159.89.11.225,6666
161.202.68.88,3353
161.202.68.92,3353
163.172.226.131,3333
163.172.226.131,443
163.172.226.131,6666
163.172.226.131,7777
163.172.226.131,80
163.172.226.131,8080
163.172.226.131,8443
163.172.226.131,8888
163.172.226.131,9999
164.132.108.171,8888
164.132.109.110,8888
165.227.126.82,8008
167.114.119.172,7007
167.114.119.172,7017
167.114.119.172,8088
167.88.15.87,3333
168.181.187.15,8008
169.38.65.14,3353
169.38.66.192,3353
169.45.93.83,3353
169.50.175.203,3353
169.57.150.34,3353
169.57.168.5,3353
172.104.105.159,20535
172.104.105.159,20536
172.104.105.159,20537
172.104.105.159,20555
172.104.105.159,20556
172.104.109.135,20535
172.104.109.135,20536
172.104.109.135,20537
172.104.109.135,20555
172.104.109.135,20556
172.104.117.164,20535
172.104.117.164,20536
172.104.117.164,20537
172.104.117.164,20555
172.104.117.164,20556
172.104.121.164,20535
172.104.121.164,20536
172.104.121.164,20537
172.104.121.164,20555
172.104.121.164,20556
172.104.168.227,20535
172.104.168.227,20536
172.104.168.227,20537
172.104.168.227,20555
172.104.168.227,20556
172.104.49.55,20580
172.104.73.213,20535
172.104.73.213,20536
172.104.73.213,20537
172.104.73.213,20555
172.104.73.213,20556
173.230.147.186,14444
173.230.147.186,4444
174.138.45.55,8008
176.9.0.89,45560
176.9.122.21,3357
176.9.147.178,45560
176.9.47.243,45560
177.54.152.154,8008
178.217.186.125,3338
178.217.186.125,3347
178.32.145.31,8200
178.32.196.217,8200
185.71.66.31,18888
185.71.66.38,8888
188.165.195.21,13333
188.165.195.21,3333
188.165.209.115,14444
188.165.209.115,4444
188.165.220.188,14444
188.165.220.188,4444
188.165.226.213,14444
188.165.226.213,4444
188.165.235.31,3333
188.165.239.100,14444
188.165.239.100,4444
192.95.30.210,14444
192.95.30.210,4444
192.99.160.185,13333
192.99.160.185,3333
192.99.33.207,13333
192.99.33.207,3333
192.99.69.170,18888
192.99.69.170,8888
194.58.122.146,7910
194.58.122.146,9896
195.85.215.220,1334
198.11.168.132,25
198.11.168.132,3333
198.11.168.132,8888
198.20.67.78,9171
198.23.94.139,3353
198.251.88.21,18888
198.251.88.21,8888
198.251.88.37,8888
207.154.194.32,14444
207.154.194.32,16666
207.154.194.32,18888
207.154.194.32,19999
207.154.194.32,6666
207.154.213.72,14444
207.154.213.72,16666
207.154.213.72,18888
207.154.213.72,19999
207.154.213.72,6666
207.154.226.213,14444
212.129.13.124,3333
212.129.13.124,443
212.129.13.124,6666
212.129.13.124,7777
212.129.13.124,80
212.129.13.124,8080
212.129.13.124,8443
212.129.13.124,8888
212.129.13.124,9999
213.239.196.214,55751
213.32.74.157,8888
213.32.74.219,8888
213.32.74.230,8888
218.11.0.223,13333
218.11.0.223,3333
23.92.25.116,3333
35.165.125.37,3333
37.19.7.83,8008
37.19.7.83,8888
37.235.49.165,3333
43.229.78.81,8008
45.32.112.81,3333
45.32.112.81,443
45.32.112.81,80
45.32.112.81,8080
45.32.112.81,81
45.32.185.251,3333
45.32.185.251,443
45.32.185.251,80
45.32.185.251,8080
45.32.185.251,81
45.32.71.82,18888
45.32.71.82,8888
45.63.61.87,18888
45.63.61.87,8888
45.76.65.223,18888
45.76.65.223,8888
45.76.68.6,3333
45.76.68.6,443
45.76.68.6,8080
45.76.68.6,81
45.79.103.105,14444
45.79.103.105,4444
45.79.210.48,20580
45.79.217.166,20580
46.101.212.237,8008
46.101.83.30,8008
46.105.121.53,14444
46.105.121.53,4444
46.105.97.72,3333
46.4.120.155,45560
47.89.133.41,25
47.89.133.88,25
47.89.164.11,25
47.91.65.135,1800
47.91.65.135,25
47.91.65.135,443
47.95.126.45,13333
47.95.126.45,3333
47.95.166.154,13333
47.95.166.154,3333
51.255.64.43,14444
51.255.64.43,4444
5.153.50.217,3353
5.189.133.40,4444
5.196.5.91,3332
5.196.5.91,3334
5.196.5.91,3335
5.196.5.91,3337
5.196.5.91,3371
5.196.5.92,3332
5.196.5.92,3334
5.196.5.92,3335
5.196.5.92,3337
5.196.5.92,3371
5.196.74.100,9171
52.18.177.202,3333
52.18.177.202,9500
52.19.8.80,3333
52.19.8.80,9500
52.21.154.145,3333
52.21.154.145,9500
52.24.92.255,25
52.24.92.255,3333
52.26.114.78,3333
52.2.83.37,3333
52.31.186.94,3333
52.31.186.94,9500
52.41.235.52,3333
52.74.55.19,3333
52.88.164.98,25
52.88.164.98,3333
54.172.129.105,3333
54.172.129.105,3333
54.172.129.105,9500
54.174.79.55,3333
54.174.79.55,9500
54.209.131.18,20460
54.209.131.18,20465
54.209.131.18,20507
54.209.17.31,20460
54.209.17.31,20465
54.209.17.31,20507
54.64.97.77,25
5.9.58.111,55751
60.205.122.75,25
60.205.132.209,25
60.205.146.151,25
60.205.146.151,3333
60.205.146.151,443
60.205.146.217,25
60.205.146.217,3333
60.205.146.217,443
60.205.146.222,25
60.205.146.222,3333
60.205.146.222,443
60.205.164.237,25
66.70.234.210,8200
74.84.128.158,3333
78.46.23.253,45560
79.137.57.106,8200
79.137.82.70,18888
79.137.82.70,8888
88.80.187.187,3333
91.121.167.111,14444
91.121.167.111,4444
91.121.223.53,3333
91.121.73.83,3333
92.222.180.118,18888
92.222.180.118,8888
94.130.48.154,45560
94.130.64.225,45560
94.130.9.194,45560
94.23.12.63,13333
94.23.12.63,3333
94.23.199.191,13333
94.23.199.191,3333
94.23.20.210,13333
94.23.20.210,3333
94.23.28.180,14444
94.23.28.180,4444
94.23.36.128,14444
94.23.36.128,4444
94.23.60.113,13333
94.23.60.113,3333
95.85.41.125,10000
95.85.41.125,443
95.85.41.125,80
95.85.41.125,9991
